year,population
1815,29.599999999999998
1816,29.75
1817,29.900000000000002
1818,30.05
1819,30.2
1820,30.349999999999998
1821,30.5
1822,30.695999999999998
1823,30.892000000000003
1824,31.088
1825,31.284
1826,31.480000000000004
1827,31.676
1828,31.872
1829,32.068
1830,32.263999999999996
1831,32.46
1832,32.656
1833,32.852
1834,33.048
1835,33.244
1836,33.44
1837,33.635999999999996
1838,33.832
1839,34.028
1840,34.224
1841,34.42
1842,34.616
1843,34.812
1844,35.007999999999996
1845,35.20399999999999
1846,35.4
1847,35.53333333333333
1848,35.666666666666664
1849,35.8
1850,35.93333333333333
1851,36.06666666666666
1852,36.2
1853,36.33333333333333
1854,36.46666666666667
1855,36.599999999999994
1856,36.73333333333333
1857,36.86666666666666
1858,37.0
1859,37.13333333333333
1860,37.266666666666666
1861,37.4
1862,37.28181818181818
1863,37.163636363636364
1864,37.04545454545455
1865,36.92727272727272
1866,36.80909090909091
1867,36.69090909090909
1868,36.57272727272727
1869,36.45454545454545
1870,36.336363636363636
1871,36.21818181818182
1872,36.1
1873,36.6188665
1874,37.137733
1875,37.6565995
1876,38.175466
1877,38.334699
1878,38.493932
1879,38.653165
1880,38.812398
1881,38.971631
1882,39.0793856
1883,39.1871402
1884,39.2948948
1885,39.4026494
1886,39.510404
1887,39.54072
1888,39.571036
1889,39.601352
1890,39.631668
1891,39.661984
1892,39.704177
1893,39.74637
1894,39.788562999999996
1895,39.830756
1896,39.872949
1897,39.9767668
1898,40.080584599999995
1899,40.184402399999996
1900,40.2882202
1901,40.392038
1902,40.470117800000004
1903,40.5481976
1904,40.6262774
1905,40.704357200000004
1906,40.782437
1907,40.855844000000005
1908,40.929251
1909,41.002658000000004
1910,41.07606500000001
1911,41.149472
1912,40.95452480000001
1913,40.75957760000001
1914,40.5646304
1915,40.369683200000004
1916,40.174736
1917,39.9797888
1918,39.7848416
1919,39.589894400000006
1920,39.394947200000004
1921,39.2
1922,39.4521438
1923,39.7042876
1924,39.9564314
1925,40.208575200000006
1926,40.460719
1927,40.7285752
1928,40.99643139999999
1929,41.2642876
1930,41.5321438
1931,41.8
1932,41.82
1933,41.84
1934,41.86
1935,41.88
1936,41.9
1937,41.76
1938,41.620000000000005
1939,41.48
1940,41.339999999999996
1941,41.2
1942,41.06
1943,40.919999999999995
1944,40.78
1945,40.64
1946,40.5
1947,40.862082375
1948,41.22416475
1949,41.586247125
1950,41.9483295
1951,42.310411875
1952,42.67249425
1953,43.034576625
1954,43.396659
1955,43.89442225
1956,44.3921855
1957,44.88994875
1958,45.387712
1959,45.88547525
1960,46.383238500000004
1961,46.88100175
1962,47.378765
1963,47.94898666666667
1964,48.51920833333333
1965,49.08943
1966,49.65965166666666
1967,50.22987333333334
1968,50.800095
1969,51.22380328571428
1970,51.64751157142857
1971,52.07121985714285
1972,52.49492814285714
1973,52.918636428571425
1974,53.34234471428571
1975,53.766053
1976,54.02397928571428
1977,54.28190557142857
1978,54.53983185714286
1979,54.797758142857134
1980,55.05568442857143
1981,55.31361071428571
1982,55.571537
1983,55.8804275
1984,56.189318
1985,56.498208500000004
1986,56.807099
1987,57.1159895
1988,57.42488
1989,57.7337705
1990,58.042661
1991,58.27702211111111
1992,58.51138322222223
1993,58.745744333333334
1994,58.98010544444445
1995,59.21446655555556
1996,59.44882766666666
1997,59.68318877777777
1998,59.917549888888885
1999,60.151911
2000,60.58565699999999
2001,61.019403
2002,61.453148999999996
2003,61.886894999999996
2004,62.320641
2005,62.754386999999994
2006,63.188133
2007,63.602706
2008,63.963875
2009,64.306516
2010,64.614955
2011,64.935416
2012,65.243257
2013,65.566772
2014,65.909176
2015,66.192296
2016,66.41537325714286
2017,66.63845051428571
2018,66.86152777142857
2019,67.08460502857143
2020,67.30768228571428
2021,67.53075954285714
2022,67.7538368
2023,67.97691405714286
2024,68.19999131428571
2025,68.42306857142857
2026,68.64614582857143
2027,68.86922308571428
2028,69.09230034285714
2029,69.3153776
2030,69.53845485714285
2031,69.76153211428571
2032,69.98460937142858
2033,70.20768662857142
2034,70.43076388571428
2035,70.65384114285715
2036,70.8769184
2037,71.09999565714286
2038,71.32307291428572
2039,71.54615017142856
2040,71.76922742857143
2041,71.99230468571429
2042,72.21538194285715
2043,72.43845920000001
2044,72.66153645714286
2045,72.8846137142857
2046,73.10769097142857
2047,73.33076822857143
2048,73.55384548571429
2049,73.77692274285714
2050,74.0
