year,CODGEO,LIBGEO,rank,density_data,reldensity_data,area_data,relarea_data,pop_data,relpop_data,popweight,group,ngroup
1876,13055,Marseille,3,35508.6859688196,0.193124563327595,8.98,0.121630773398348,318868.0,0.132263779274438,0.06667082050765234,2,2
1876,29019,Brest,12,49936.5714285714,0.271594915105801,1.75,0.023703101720168,87389.0,0.0362482262472681,0.018271812578694726,4,5
1876,30189,Nîmes,18,29439.7196261682,0.160116682500813,2.14,0.0289855072463768,63001.0,0.0261322878371893,0.013172624292191768,5,6
1876,31555,Toulouse,8,29188.9135254989,0.158752598830857,4.51,0.0610862792902614,131642.0,0.0546040004994091,0.02752449337427515,3,6
1876,33063,Bordeaux,4,37049.7478991597,0.20150608757265,5.95,0.0805905458485711,220446.0,0.091439156911113,0.04609216258022105,3,6
1876,35238,Rennes,20,31074.4565217391,0.169007685941207,1.84,0.0249221183800623,57177.0,0.0237165413512003,0.01195490768645972,5,6
1876,42218,Saint-Étienne,7,115867.24137931,0.630178498156804,1.16,0.0157117702830828,134406.0,0.0557504845803284,0.028102406955704304,3,6
1876,44109,Nantes,6,25958.6206896552,0.141183689243766,5.22,0.0707029662738724,135504.0,0.0562059257962651,0.02833198333501299,3,6
1876,51454,Reims,13,31989.0625,0.173982042928777,2.56,0.0346742516592171,81892.0,0.0339681166261346,0.017122467080461713,4,5
1876,54395,Nancy,16,13394.5454545455,0.0728502244254323,4.95,0.0670459162941894,66303.0,0.0275019298180848,0.013863026117763065,5,6
1876,59350,Lille,5,67335.7142857143,0.366225335096863,2.52,0.0341324664770419,169686.0,0.0703843334858384,0.03547895947119653,3,6
1876,67482,Strasbourg,11,39131.1203319502,0.212826251392784,2.41,0.0326425572260599,94306.0,0.0391173399910156,0.01971806013395719,4,5
1876,68224,Mulhouse,17,183864.161849711,1.0,0.346,0.00468644182581606,63617.0,0.0263877994847458,0.013301421240874967,5,6
1876,69123,Lyon,2,66125.3358925144,0.35964233174796,5.21,0.0705675199783286,344513.0,0.142901110770521,0.07203282984041305,2,2
1876,75060,Paris,1,32654.0566165515,0.177598811470626,73.83,1.0,2.410849e6,1.0,0.5040746671037957,1,1
1876,76351,Le Havre,10,83590.0826446281,0.45462955805903,1.21,0.0163890017608018,101144.0,0.0419536851955473,0.021147789898722943,4,5
1876,76540,Rouen,9,18371.6287215412,0.0999195739763466,5.71,0.0773398347555194,104902.0,0.0435124721622964,0.02193353492007271,3,6
1876,80021,Amiens,15,21441.0256410256,0.116613403206609,3.12,0.0422592442096709,66896.0,0.0277479012580216,0.013987014089466208,5,6
1876,83137,Toulon,14,36533.1606217617,0.198696473821927,1.93,0.0261411350399567,70509.0,0.0292465434376023,0.014742441647246066,4,5
1876,87085,Limoges,19,38498.064516129,0.209383188810863,1.55,0.0209941758092916,59672.0,0.0247514464821314,0.0124765771458178,5,6
1881,13055,Marseille,3,,,,,360099.0,0.128637612799353,0.06726594105424945,2,2
1881,29019,Brest,12,,,,,90637.0,0.0323781163271627,0.016930852624789314,4,5
1881,30189,Nîmes,18,,,,,63552.0,0.022702583369086,0.011871416154667636,5,6
1881,31555,Toulouse,8,,,,,140289.0,0.0501152240411899,0.02620577009255677,3,6
1881,33063,Bordeaux,4,,,,,227736.0,0.0813537815669398,0.04254073560862583,3,6
1881,35238,Rennes,20,,,,,60974.0,0.0217816483878815,0.01138984970755766,5,6
1881,42218,Saint-Étienne,7,,,,,132411.0,0.0473009781987041,0.024734171772024426,3,6
1881,44109,Nantes,6,,,,,140221.0,0.0500909325056112,0.026193067796822296,3,6
1881,51454,Reims,13,,,,,94508.0,0.0337609477128269,0.017653949489321013,4,5
1881,54395,Nancy,16,,,,,73225.0,0.0261580543051567,0.013678317722896804,5,6
1881,59350,Lille,5,,,,,186388.0,0.0665830990212297,0.03481699260819787,3,6
1881,67482,Strasbourg,11,,,,,104471.0,0.0373200149035715,0.019515022612888386,4,5
1881,68224,Mulhouse,17,,,,,68574.0,0.0244965847172662,0.012809518054352003,5,6
1881,69123,Lyon,2,,,,,378581.0,0.135239909278259,0.07071835031549327,2,2
1881,75060,Paris,1,,,,,2.799329e6,1.0,0.5229103649425604,1,1
1881,76351,Le Havre,10,,,,,117747.0,0.0420625799968492,0.02199495905657808,4,5
1881,76540,Rouen,9,,,,,105906.0,0.0378326377499751,0.019783078412579157,3,6
1881,80021,Amiens,15,,,,,74170.0,0.0264956352040078,0.013854842273912678,5,6
1881,83137,Toulon,14,,,,,70103.0,0.0250427870393226,0.013095132909911022,4,5
1881,87085,Limoges,19,,,,,64442.0,0.0230205167023955,0.012037666790015921,5,6
1886,13055,Marseille,3,,,,,376143.0,0.127028603328032,0.066474376624336,2,2
1886,29019,Brest,12,,,,,96375.0,0.032547147350181,0.017032001252636316,4,5
1886,30189,Nîmes,18,,,,,69898.0,0.0236055045964508,0.012352817883857569,5,6
1886,31555,Toulouse,8,,,,,147617.0,0.0498522671895374,0.02608781249193686,3,6
1886,33063,Bordeaux,4,,,,,248545.0,0.0839370245203707,0.04392444878170161,3,6
1886,35238,Rennes,20,,,,,66139.0,0.0223360392071971,0.011688503562626337,5,6
1886,42218,Saint-Étienne,7,,,,,126410.0,0.0426903750613372,0.022339976947815893,3,6
1886,44109,Nantes,6,,,,,144938.0,0.0489475324787604,0.02561436262054062,3,6
1886,51454,Reims,13,,,,,98593.0,0.033296196095423,0.017423980280167804,4,5
1886,54395,Nancy,16,,,,,79038.0,0.0266922068198558,0.013968096653757396,5,6
1886,59350,Lille,5,,,,,197963.0,0.0668547956511945,0.03498527692841134,3,6
1886,67482,Strasbourg,11,,,,,111987.0,0.0378195319357169,0.01979105291080657,4,5
1886,68224,Mulhouse,17,,,,,75693.0,0.0255625548573515,0.013376947038296245,5,6
1886,69123,Lyon,2,,,,,404172.0,0.136494377575277,0.07142783927658132,2,2
1886,75060,Paris,1,,,,,2.961089e6,1.0,0.5233024286087431,1,1
1886,76351,Le Havre,10,,,,,127086.0,0.0429186694489764,0.022459443955305202,4,5
1886,76540,Rouen,9,,,,,107163.0,0.0361904015718541,0.018938525034876943,3,6
1886,80021,Amiens,15,,,,,80288.0,0.0271143488088335,0.014189004581807154,5,6
1886,83137,Toulon,14,,,,,70122.0,0.0236811524408756,0.012392404584564086,4,5
1886,87085,Limoges,19,,,,,69207.0,0.023372144504944,0.012230699981231663,5,6
1891,13055,Marseille,3,,,,,403749.0,0.128517202249176,0.06711739747096034,2,2
1891,29019,Brest,12,,,,,103634.0,0.0329877021067324,0.017227644822663344,4,5
1891,30189,Nîmes,18,,,,,71623.0,0.0227982919504265,0.011906281771750744,5,6
1891,31555,Toulouse,8,,,,,149791.0,0.0476799205499118,0.024900574576215962,3,6
1891,33063,Bordeaux,4,,,,,261085.0,0.0831058745637168,0.043401582960467214,3,6
1891,35238,Rennes,20,,,,,69232.0,0.0220372135809995,0.011508812806247262,5,6
1891,42218,Saint-Étienne,7,,,,,140412.0,0.0446944943571657,0.023341452272804347,3,6
1891,44109,Nantes,6,,,,,142410.0,0.0453304770347546,0.02367359070570939,3,6
1891,51454,Reims,13,,,,,104663.0,0.0333152427349802,0.017398701102673,4,5
1891,54395,Nancy,16,,,,,87110.0,0.0277279534758618,0.0144807702153946,5,6
1891,59350,Lille,5,,,,,211884.0,0.0674447215506773,0.035222632491317525,3,6
1891,67482,Strasbourg,11,,,,,123500.0,0.0393112415826992,0.020530078310196685,4,5
1891,68224,Mulhouse,17,,,,,83116.0,0.0264566247399808,0.01381682582048832,5,6
1891,69123,Lyon,2,,,,,440315.0,0.140156512854139,0.07319596300529758,2,2
1891,75060,Paris,1,,,,,3.141595e6,1.0,0.5222444645256871,1,1
1891,76351,Le Havre,10,,,,,134222.0,0.0427241576333041,0.022312454825515946,4,5
1891,76540,Rouen,9,,,,,112352.0,0.0357627256218577,0.018676885492366135,3,6
1891,80021,Amiens,15,,,,,83654.0,0.0266278753308431,0.0139062604936129,5,6
1891,83137,Toulon,14,,,,,77747.0,0.0247476202374908,0.012924307679213454,4,5
1891,87085,Limoges,19,,,,,73470.0,0.0233862098711005,0.01221331865141822,5,6
1896,13055,Marseille,3,,,,,442239.0,0.132386512973752,0.06932305314941406,2,2
1896,29019,Brest,12,,,,,103462.0,0.0309718803752955,0.01621815743284667,4,5
1896,30189,Nîmes,18,,,,,74601.0,0.0223321919920108,0.011694059293729043,5,6
1896,31555,Toulouse,8,,,,,149963.0,0.0448921932373282,0.023507408933733976,3,6
1896,33063,Bordeaux,4,,,,,267369.0,0.0800382815339196,0.041911354262074776,3,6
1896,35238,Rennes,20,,,,,69937.0,0.0209359996695119,0.010962955252952749,5,6
1896,42218,Saint-Étienne,7,,,,,142191.0,0.0425656051733356,0.02228911120540779,3,6
1896,44109,Nantes,6,,,,,146170.0,0.0437567392323457,0.022912838259063206,3,6
1896,51454,Reims,13,,,,,108492.0,0.0324776366750746,0.01700663370323791,4,5
1896,54395,Nancy,16,,,,,96306.0,0.0288296950708783,0.015096420615566403,5,6
1896,59350,Lille,5,,,,,228920.0,0.0685283761720502,0.03588429181271635,3,6
1896,67482,Strasbourg,11,,,,,135608.0,0.0405949503579389,0.02125719484596732,4,5
1896,68224,Mulhouse,17,,,,,89704.0,0.0268533525080272,0.014061525916337182,5,6
1896,69123,Lyon,2,,,,,468311.0,0.140191299901752,0.07340996235848771,2,2
1896,75060,Paris,1,,,,,3.340514e6,1.0,0.5236413558468651,1,1
1896,76351,Le Havre,10,,,,,139919.0,0.041885470319837,0.021932964468563076,4,5
1896,76540,Rouen,9,,,,,113219.0,0.0338926883707118,0.01774761329173481,3,6
1896,80021,Amiens,15,,,,,88731.0,0.0265620799673344,0.013909003568207822,5,6
1896,83137,Toulon,14,,,,,95276.0,0.0285213592878222,0.01493496324807078,4,5
1896,87085,Limoges,19,,,,,78461.0,0.0234877027906484,0.012299132535023316,5,6
1901,13055,Marseille,3,,,,,491161.0,0.133833887839823,0.07156813245818608,2,2
1901,29019,Brest,12,,,,,117517.0,0.0320215916924846,0.01712365644277264,4,5
1901,30189,Nîmes,18,,,,,80605.0,0.0219636341837583,0.011745129024478915,5,6
1901,31555,Toulouse,8,,,,,149841.0,0.0408293891164137,0.021833656450058248,3,6
1901,33063,Bordeaux,4,,,,,268186.0,0.0730765981912462,0.039077962565087804,3,6
1901,35238,Rennes,20,,,,,74676.0,0.0203480720340715,0.01088120160079384,5,6
1901,42218,Saint-Étienne,7,,,,,154007.0,0.0419645606319467,0.022440693327621417,3,6
1901,44109,Nantes,6,,,,,160033.0,0.0436065538034785,0.023318754831268957,3,6
1901,51454,Reims,13,,,,,109119.0,0.0297332646671735,0.015899965684785244,4,5
1901,54395,Nancy,16,,,,,102559.0,0.0279457646331129,0.014944093885261871,5,6
1901,59350,Lille,5,,,,,227090.0,0.0618785644412836,0.0330897754502688,3,6
1901,67482,Strasbourg,11,,,,,151041.0,0.0411563708299613,0.022008511047532035,4,5
1901,68224,Mulhouse,17,,,,,97374.0,0.0265329311458257,0.014188576312010544,5,6
1901,69123,Lyon,2,,,,,461687.0,0.125802671985569,0.0672734121199007,2,2
1901,75060,Paris,1,,,,,3.66993e6,1.0,0.5347534440891496,1,1
1901,76351,Le Havre,10,,,,,154459.0,0.0420877237440496,0.02250655522600321,4,5
1901,76540,Rouen,9,,,,,116316.0,0.0316943374941756,0.01694865613313429,3,6
1901,80021,Amiens,15,,,,,90758.0,0.0247301719651329,0.013224544631271725,5,6
1901,83137,Toulon,14,,,,,101602.0,0.0276849967165586,0.014804647343776524,4,5
1901,87085,Limoges,19,,,,,84884.0,0.023129596477317,0.012368631376637532,5,6
1906,13055,Marseille,3,,,,,517498.0,0.134463332032433,0.07262073893536322,2,2
1906,29019,Brest,12,,,,,120180.0,0.0312267936178649,0.01686491620306156,4,5
1906,30189,Nîmes,18,,,,,80184.0,0.0208344917578206,0.0112522586189573,5,6
1906,31555,Toulouse,8,,,,,149438.0,0.038829003034336,0.020970705171851504,3,6
1906,33063,Bordeaux,4,,,,,264835.0,0.0688130128789087,0.03716442072422873,3,6
1906,35238,Rennes,20,,,,,75640.0,0.0196538081981636,0.010614596951236283,5,6
1906,42218,Saint-Étienne,7,,,,,153767.0,0.0399538223850743,0.021578195787952798,3,6
1906,44109,Nantes,6,,,,,161908.0,0.0420691271516165,0.022720626165795402,3,6
1906,51454,Reims,13,,,,,110757.0,0.0287783822660498,0.015542582159281823,4,5
1906,54395,Nancy,16,,,,,110570.0,0.0287297933959671,0.015516340360896295,5,6
1906,59350,Lille,5,,,,,225725.0,0.0586509235263152,0.03167609593889226,3,6
1906,67482,Strasbourg,11,,,,,167678.0,0.0435683666188746,0.02353033299298516,4,5
1906,68224,Mulhouse,17,,,,,104007.0,0.0270245059395347,0.01459535146889519,5,6
1906,69123,Lyon,2,,,,,474652.0,0.123330504612305,0.06660813950420683,2,2
1906,75060,Paris,1,,,,,3.848618e6,1.0,0.5400783829888033,1,1
1906,76351,Le Havre,10,,,,,158303.0,0.0411324272764925,0.022214734811892616,4,5
1906,76540,Rouen,9,,,,,118459.0,0.030779620112986,0.01662340745963113,3,6
1906,80021,Amiens,15,,,,,90920.0,0.0236240645343341,0.012758846573326321,5,6
1906,83137,Toulon,14,,,,,103549.0,0.0269055021828615,0.014531080112421548,4,5
1906,87085,Limoges,19,,,,,89348.0,0.0232156062254035,0.012538247070320722,5,6
1911,13055,Marseille,3,,,,,550619.0,0.132550176430571,0.07233028552137158,2,2
1911,29019,Brest,12,,,,,125909.0,0.0303099968657033,0.016539628889868263,4,5
1911,30189,Nîmes,18,,,,,80437.0,0.0193635500074385,0.01056634655993085,5,6
1911,31555,Toulouse,8,,,,,149576.0,0.0360073393576666,0.01964856786116112,3,6
1911,33063,Bordeaux,4,,,,,275468.0,0.0663132438237264,0.03618596360096761,3,6
1911,35238,Rennes,20,,,,,79372.0,0.0191071732062411,0.010426446276649197,5,6
1911,42218,Saint-Étienne,7,,,,,155652.0,0.0374700111361416,0.020446721965592413,3,6
1911,44109,Nantes,6,,,,,170535.0,0.0410527866593549,0.02240177916379039,3,6
1911,51454,Reims,13,,,,,116085.0,0.0279450713305258,0.015249130877700223,4,5
1911,54395,Nancy,16,,,,,119949.0,0.0288752496965606,0.015756712750564363,5,6
1911,59350,Lille,5,,,,,240799.0,0.0579673965742282,0.031631782454402686,3,6
1911,67482,Strasbourg,11,,,,,178891.0,0.0430643214488443,0.02349943810003593,4,5
1911,68224,Mulhouse,17,,,,,106616.0,0.0256656047290807,0.014005266293292734,5,6
1911,69123,Lyon,2,,,,,526248.0,0.126683360447487,0.06912886786516766,2,2
1911,75060,Paris,1,,,,,4.154042e6,1.0,0.5456823028768885,1,1
1911,76351,Le Havre,10,,,,,166618.0,0.0401098496356079,0.021887235117204255,4,5
1911,76540,Rouen,9,,,,,124987.0,0.0300880443673896,0.016418513339459172,3,6
1911,80021,Amiens,15,,,,,93207.0,0.0224376643279004,0.012243836341627297,5,6
1911,83137,Toulon,14,,,,,104582.0,0.0251759611482022,0.013738076456490026,4,5
1911,87085,Limoges,19,,,,,92973.0,0.0223813336504542,0.012213097687835834,5,6
1921,13055,Marseille,3,,,,,586341.0,0.132906180419254,0.07393846827810067,2,2
1921,29019,Brest,12,,,,,108828.0,0.0246680921215924,0.013723371938460965,4,5
1921,30189,Nîmes,18,,,,,82774.0,0.0187624201241655,0.010437923961059359,5,6
1921,31555,Toulouse,8,,,,,175434.0,0.0397657043523674,0.022122487160031984,3,6
1921,33063,Bordeaux,4,,,,,283394.0,0.0642370465202572,0.035736403013270544,3,6
1921,35238,Rennes,20,,,,,82241.0,0.0186416047724104,0.010370711871861728,5,6
1921,42218,Saint-Étienne,7,,,,,175546.0,0.0397910914431677,0.022136610525867132,3,6
1921,44109,Nantes,6,,,,,183704.0,0.0416402690034275,0.023165346405180955,3,6
1921,51454,Reims,13,,,,,76795.0,0.0174071574822443,0.009683963208127594,4,5
1921,54395,Nancy,16,,,,,113226.0,0.0256649887764125,0.014277966250451916,5,6
1921,59350,Lille,5,,,,,225603.0,0.0511375343377403,0.028448872343814175,3,6
1921,67482,Strasbourg,11,,,,,166767.0,0.0378011515312382,0.021029565627056636,4,5
1921,68224,Mulhouse,17,,,,,100278.0,0.0227300597435315,0.01264520427872412,5,6
1921,69123,Lyon,2,,,,,564446.0,0.127943230838243,0.07117747635880965,2,2
1921,75060,Paris,1,,,,,4.411691e6,1.0,0.5563207673628183,1,1
1921,76351,Le Havre,10,,,,,179319.0,0.0406463190645038,0.022612391412438725,4,5
1921,76540,Rouen,9,,,,,123712.0,0.0280418551525934,0.01560026637676777,3,6
1921,80021,Amiens,15,,,,,92780.0,0.0210304846826308,0.011699695376653144,5,6
1921,83137,Toulon,14,,,,,106331.0,0.0241020959990172,0.013408496541225537,4,5
1921,87085,Limoges,19,,,,,90911.0,0.0206068376049003,0.01146401170927909,5,6
1926,13055,Marseille,3,,,,,652196.0,0.140904547062127,0.07859908148660916,2,2
1926,29019,Brest,12,,,,,100365.0,0.0216834891135339,0.012095438815024206,4,5
1926,30189,Nîmes,18,,,,,84667.0,0.0182919939498388,0.010203602034092108,5,6
1926,31555,Toulouse,8,,,,,180771.0,0.0390549096850758,0.02178552852120501,3,6
1926,33063,Bordeaux,4,,,,,273840.0,0.0591621248328612,0.03300169346989716,3,6
1926,35238,Rennes,20,,,,,83418.0,0.0180221520935861,0.010053079410867227,5,6
1926,42218,Saint-Étienne,7,,,,,201616.0,0.0435583952684127,0.02429765348607503,3,6
1926,44109,Nantes,6,,,,,184509.0,0.0398624908369354,0.02223601176028796,3,6
1926,51454,Reims,13,,,,,101385.0,0.0219038563620349,0.012218363615416023,4,5
1926,54395,Nancy,16,,,,,114491.0,0.0247353594589509,0.013797826785940681,5,6
1926,59350,Lille,5,,,,,236134.0,0.0510158822132736,0.028457573348746337,3,6
1926,67482,Strasbourg,11,,,,,174492.0,0.0376983548288622,0.021028817911734207,4,5
1926,68224,Mulhouse,17,,,,,102323.0,0.022106507812127,0.01233140622597242,5,6
1926,69123,Lyon,2,,,,,574125.0,0.124037594652594,0.06919039316171746,2,2
1926,75060,Paris,1,,,,,4.628637e6,1.0,0.5578179208933114,1,1
1926,76351,Le Havre,10,,,,,176229.0,0.0380736272902801,0.021238151615930862,4,5
1926,76540,Rouen,9,,,,,122898.0,0.0265516608885078,0.014810992273091664,3,6
1926,80021,Amiens,15,,,,,91576.0,0.0197846579889501,0.011036236784981385,5,6
1926,83137,Toulon,14,,,,,115120.0,0.0248712525955265,0.013873630412848968,4,5
1926,87085,Limoges,19,,,,,98964.0,0.0213808082163281,0.011926597986250741,5,6
1931,13055,Marseille,3,,,,,800881.0,0.162323578621585,0.09051030761577152,2,2
1931,29019,Brest,12,,,,,103135.0,0.0209035328358859,0.011655639946449718,4,5
1931,30189,Nîmes,18,,,,,89213.0,0.0180818041875977,0.010082266995128895,5,6
1931,31555,Toulouse,8,,,,,194564.0,0.0394344787189733,0.021988344699093835,3,6
1931,33063,Bordeaux,4,,,,,283374.0,0.0574346023545483,0.032025067282544645,3,6
1931,35238,Rennes,20,,,,,88659.0,0.0179695187637253,0.01001965755575009,5,6
1931,42218,Saint-Étienne,7,,,,,199099.0,0.0403536382808169,0.022500860597257887,3,6
1931,44109,Nantes,6,,,,,187343.0,0.037970917264492,0.02117227473202821,3,6
1931,51454,Reims,13,,,,,113264.0,0.0229564914250622,0.012800352963539834,4,5
1931,54395,Nancy,16,,,,,120578.0,0.0244389022377026,0.013626933179454249,5,6
1931,59350,Lille,5,,,,,240348.0,0.0487140380088187,0.027162551508695367,3,6
1931,67482,Strasbourg,11,,,,,181465.0,0.0367795567563295,0.02050798179941337,4,5
1931,68224,Mulhouse,17,,,,,103038.0,0.0208838727526447,0.011644677643887002,5,6
1931,69123,Lyon,2,,,,,583647.0,0.118294315499746,0.06595994849299984,2,2
1931,75060,Paris,1,,,,,4.933855e6,1.0,0.5575918691810798,1,1
1931,76351,Le Havre,10,,,,,186340.0,0.0377676279501526,0.021058922263261164,4,5
1931,76540,Rouen,9,,,,,122957.0,0.0249210809802882,0.013895792125811973,3,6
1931,80021,Amiens,15,,,,,90211.0,0.0182840800955845,0.010195054396753531,5,6
1931,83137,Toulon,14,,,,,133263.0,0.0270099141543479,0.015060508519743334,4,5
1931,87085,Limoges,19,,,,,93272.0,0.0189044874646701,0.010540988501335705,5,6
1936,13055,Marseille,3,,,,,914168.0,0.184197249074347,0.10077379833621507,2,2
1936,29019,Brest,12,,,,,118700.0,0.0239170627993159,0.013084957975458262,4,5
1936,30189,Nîmes,18,,,,,93736.0,0.0188870244191801,0.01033303808582608,5,6
1936,31555,Toulouse,8,,,,,213220.0,0.0429620566981477,0.023504420720532524,3,6
1936,33063,Bordeaux,4,,,,,281338.0,0.05668726717636,0.031013444876996435,3,6
1936,35238,Rennes,20,,,,,98538.0,0.0198545874820471,0.010862389123721198,5,6
1936,42218,Saint-Étienne,7,,,,,196884.0,0.0396704885609142,0.021703613024769374,3,6
1936,44109,Nantes,6,,,,,195203.0,0.0393317810414057,0.021518307090845654,3,6
1936,51454,Reims,13,,,,,117229.0,0.0236206685332856,0.012922801503833166,4,5
1936,54395,Nancy,16,,,,,121301.0,0.0244411426673953,0.01337168060135689,5,6
1936,59350,Lille,5,,,,,240747.0,0.0485085182624002,0.02653887428574263,3,6
1936,67482,Strasbourg,11,,,,,192911.0,0.0388699621034442,0.02126564724518643,4,5
1936,68224,Mulhouse,17,,,,,100903.0,0.0203311153128843,0.011123096163417567,5,6
1936,69123,Lyon,2,,,,,574061.0,0.115668517166285,0.06328192131718235,2,2
1936,75060,Paris,1,,,,,4.962984e6,1.0,0.5470971952221715,1,1
1936,76351,Le Havre,10,,,,,186701.0,0.0376186987505904,0.0205810845743558,4,5
1936,76540,Rouen,9,,,,,122812.0,0.0247455966007547,0.0135382464943722,3,6
1936,80021,Amiens,15,,,,,93773.0,0.0188944796114596,0.010337116800612028,5,6
1936,83137,Toulon,14,,,,,150319.0,0.0302880283313426,0.0165704953488872,4,5
1936,87085,Limoges,19,,,,,95957.0,0.0193345374476323,0.01057787120851768,5,6
1954,13055,Marseille,3,19832.2938530735,0.518747826639631,33.35,0.058233948558557,661407.0,0.121639187486781,0.06930311188006644,2,2
1954,29019,Brest,12,15998.9884393064,0.418481116849555,6.92,0.0120833260577276,110713.0,0.0203611987236664,0.01160065651796518,4,5
1954,30189,Nîmes,18,13966.6144200627,0.365320871584325,6.38,0.0111404075503326,89107.0,0.0163876449438616,0.009336750881525415,5,6
1954,31555,Toulouse,8,7038.29842931937,0.18409882590988,38.2,0.0667027536712707,268863.0,0.0494465236461944,0.028171825471170253,3,6
1954,33063,Bordeaux,4,9488.15075921909,0.24817893591322,36.88,0.0643978417643053,349923.0,0.064354246935604,0.03666540090807701,3,6
1954,35238,Rennes,20,18146.4912280702,0.474652753505752,6.84,0.0119436344270024,124122.0,0.0228272443884541,0.013005669508755738,5,6
1954,42218,Saint-Étienne,7,12630.5481283422,0.330373755017219,14.96,0.0261223349456076,188953.0,0.0347502965544511,0.01979874857549768,3,6
1954,44109,Nantes,6,7516.63040099472,0.196610423033093,32.17,0.0561734970053607,241810.0,0.0444712135284003,0.02533717587464128,3,6
1954,51454,Reims,13,5562.97968397291,0.145509321416905,22.15,0.0386771202570326,123220.0,0.022661357805589,0.012911156739892059,4,5
1954,54395,Nancy,16,6060.0,0.158509744395956,20.6,0.0359705949117324,124836.0,0.0229585559407443,0.013080483385661135,5,6
1954,59350,Lille,5,14174.124726477,0.370748661292124,18.28,0.0319195376207023,259103.0,0.0476515646120884,0.027149159590782762,3,6
1954,67482,Strasbourg,11,15959.0240641711,0.417435779739385,14.96,0.0261223349456076,238747.0,0.0439078980036598,0.025016230629597545,4,5
1954,68224,Mulhouse,17,5373.04772234273,0.140541323613172,18.44,0.0321989208821527,99079.0,0.018221592842233,0.010381630406036076,5,6
1954,69123,Lyon,2,10868.2340076545,0.284277391846327,54.87,0.0958109972236288,596340.0,0.109672732622829,0.06248530441703644,2,2
1954,75060,Paris,1,9494.57821858248,0.248347057190581,572.69,1.0,5.43745e6,1.0,0.5697432982902619,1,1
1954,76351,Le Havre,10,8014.18338108883,0.209624778758863,20.94,0.0365642843423143,167817.0,0.0308631803510837,0.017584090168953626,4,5
1954,76540,Rouen,9,5157.90172642762,0.134913809286386,22.59,0.0394454242260211,116517.0,0.0214286108378008,0.012208807416507084,3,6
1954,80021,Amiens,15,10681.9861431871,0.27940575795342,8.66,0.0151216190260001,92506.0,0.017012754140268,0.009692902656877575,5,6
1954,83137,Toulon,14,13473.2965009208,0.352417291176879,10.86,0.0189631388709424,146320.0,0.0269096727326228,0.015331605698596056,4,5
1954,87085,Limoges,19,12585.5123674912,0.32919576707313,8.49,0.0148247743107091,106851.0,0.0196509393189822,0.011195990982098737,5,6
1975,13055,Marseille,3,4209.90111515967,0.626604247375532,168.3125,0.149935972384611,708578.981445313,0.0978934835254191,0.051293269120915114,2,2
1975,29019,Brest,12,4129.71856956697,0.61466982842853,44.25,0.0394187406046434,182740.046703339,0.0252463877984338,0.013228355116607962,4,5
1975,30189,Nîmes,18,4078.34185722049,0.607022887255359,22.125,0.0197093703023217,90233.3135910034,0.0124661521563163,0.0065318923632968,5,6
1975,31555,Toulouse,8,2777.06568208912,0.413340148387754,132.875,0.11836757418852,369002.602507591,0.0509794266204912,0.026711700872262913,3,6
1975,33063,Bordeaux,4,3434.69841381821,0.511222604921176,101.0625,0.0900283948555203,347119.208446503,0.0479561339007017,0.0251275855509689,3,6
1975,35238,Rennes,20,5161.09656354736,0.768180757545271,41.8125,0.0372473693001503,215798.350063324,0.0298135462382002,0.015621410083417518,5,6
1975,42218,Saint-Étienne,7,5369.98036463546,0.79927114978713,52.6875,0.0469350258894271,282930.840461731,0.0390882121751322,0.020481058742116125,3,6
1975,44109,Nantes,6,4036.41580694372,0.600782588383609,88.0,0.0783920717109292,355204.591011047,0.0490731671257975,0.025712877684504646,3,6
1975,51454,Reims,13,6718.59651892309,1.0,31.375,0.0279494460219364,210795.965781212,0.0291224435719739,0.015259292874260066,4,5
1975,54395,Nancy,16,4733.02906989359,0.704466930937571,51.6875,0.046044206892712,244638.440050125,0.0337979388718003,0.01770911312838649,5,6
1975,59350,Lille,5,4981.39447705518,0.741433789486385,177.0625,0.157730638605868,882018.159593582,0.121854913053131,0.06384834438256554,3,6
1975,67482,Strasbourg,11,3793.21676813147,0.564584695248149,95.6875,0.0852402427481766,362963.42950058,0.0501450867674191,0.026274531644233403,4,5
1975,68224,Mulhouse,17,3277.36220401231,0.487804587577411,58.125,0.0517788541840655,190496.678108215,0.0263180025210399,0.013789849307856074,5,6
1975,69123,Lyon,2,4218.27261288249,0.627850266197951,212.125,0.188964979678192,894801.078007698,0.123620932714943,0.06477368607563769,2,2
1975,75060,Paris,1,6447.98401908562,0.959721870620556,1122.5625,1.0,7.2382650604248e6,1.0,0.5239702100047975,1,1
1975,76351,Le Havre,10,3755.52887819334,0.55897520674382,70.375,0.0626913868938255,264295.344802857,0.0365136317330918,0.019132055287225978,4,5
1975,76540,Rouen,9,3636.647112168,0.541280772245408,96.5625,0.0860197093703023,351163.736768723,0.0485149043088667,0.025420364599079582,3,6
1975,80021,Amiens,15,4658.65065388909,0.693396402175348,28.625,0.0254996937809699,133353.874967575,0.0184234583638954,0.009653343347944906,5,6
1975,83137,Toulon,14,2146.49092979634,0.319485018002004,175.9375,0.156728467234564,377648.247961044,0.0521738627707674,0.027337549832760488,4,5
1975,87085,Limoges,19,4043.97644647822,0.601907918579165,27.75,0.0247202271588442,112220.346389771,0.0155037630499793,0.008123509981162331,5,6
1990,13055,Marseille,3,4431.62660654168,0.674501647311682,178.125,0.140824192113845,789383.489290238,0.0949861495621254,0.05038453775993808,2,2
1990,29019,Brest,12,3800.03403955316,0.578372107373745,44.875,0.0354778140132424,170526.527524948,0.0205193780558528,0.01088431716867696,4,5
1990,30189,Nîmes,18,3189.53843629953,0.485453563770981,33.9375,0.02683071449748,108244.960681915,0.0130250659713234,0.006909027592792351,5,6
1990,31555,Toulouse,8,2707.24584628037,0.412047752465952,191.9375,0.151744243502322,519621.999620438,0.0625258744847781,0.033166280541680256,3,6
1990,33063,Bordeaux,4,3221.73346263202,0.490353705462623,166.625,0.131732384622986,536821.33821106,0.0645954629293088,0.03426407487918829,3,6
1990,35238,Rennes,20,4201.93839273485,0.63954268250357,54.8125,0.043334321573278,230318.748151779,0.0277141482634465,0.014700717484614465,5,6
1990,42218,Saint-Étienne,7,4220.37025260177,0.64234804517219,63.75,0.0504002371775867,269048.603603363,0.0323744938272375,0.017172755335560442,3,6
1990,44109,Nantes,6,3543.47753437716,0.539323739644773,121.3125,0.0959086866291135,429868.11838913,0.0517258315372321,0.0274374961430277,3,6
1990,51454,Reims,13,4926.13087040014,0.749766097634013,43.25,0.0341931020851863,213055.160144806,0.0256368287164116,0.013598822254209495,4,5
1990,54395,Nancy,16,4092.54949386477,0.622893492705726,63.5,0.050202589188655,259876.892860413,0.031270866122592,0.01658734607311578,5,6
1990,59350,Lille,5,4617.42798879767,0.702780956362552,197.375,0.156043087261587,911364.849288941,0.109664110099463,0.058170328218247906,3,6
1990,67482,Strasbourg,11,3592.16071866274,0.546733409030845,109.8125,0.0868168791382548,394464.148918152,0.0474656882926769,0.025177741966681707,4,5
1990,68224,Mulhouse,17,2914.38024647807,0.443573985732545,71.1875,0.0562802648483052,207467.443796158,0.0249644613968459,0.013242171134468678,5,6
1990,69123,Lyon,2,4027.59520795316,0.613007331993842,260.75,0.206146852455776,1.05019545047379e6,0.126369532022844,0.06703156709964674,2,2
1990,75060,Paris,1,6570.22354831087,1.0,1264.875,1.0,8.31051151066971e6,1.0,0.5304408905109288,1,1
1990,76351,Le Havre,10,3126.61449077806,0.4758764245673,78.875,0.0623579405079553,246611.717960119,0.0296746737723062,0.015740660381403388,4,5
1990,76540,Rouen,9,3500.38237252241,0.5327645774583,100.375,0.0793556675560826,351350.880641937,0.0422778886944377,0.022425920927999443,3,6
1990,80021,Amiens,15,4226.79834511385,0.643326412569405,31.125,0.0246071746219982,131559.098491669,0.015830445373039,0.00839711554085944,5,6
1990,83137,Toulon,14,2171.90425371004,0.330567786276984,186.25,0.147247751754126,404517.167253494,0.0486753633316243,0.025819403071569796,4,5
1990,87085,Limoges,19,3614.17758636995,0.550084416427371,36.625,0.0289554303784959,132369.2541008,0.0159279310221583,0.008448825915390314,5,6
2015,13055,Marseille,3,4562.68032779791,0.681741445377166,197.0,0.136084966755893,898848.024576187,0.0927747619302663,0.05045035131071352,2,2
2015,29019,Brest,12,2537.49716593425,0.379144901957089,64.6875,0.0446852603402124,164144.347921371,0.0169421886506168,0.009213059151134887,4,5
2015,30189,Nîmes,18,2499.65862563121,0.37349118543437,52.3125,0.0361367757533892,130763.391853333,0.0134967672139093,0.0073394599278245095,5,6
2015,31555,Toulouse,8,2696.4848022789,0.402900338063001,290.6875,0.200803039461186,783834.425962448,0.0809036124829902,0.043994892437887456,3,6
2015,33063,Bordeaux,4,2972.76953751284,0.444181940367351,225.0625,0.155470166652275,669058.944036484,0.0690570402928431,0.03755279852801701,3,6
2015,35238,Rennes,20,3417.24548742506,0.510594148709546,72.0,0.0497366375960625,246041.675094605,0.0253952361330367,0.013809774963294842,5,6
2015,42218,Saint-Étienne,7,3375.39875364217,0.504341540434613,68.875,0.0475779293670668,232480.589157105,0.0239955261876756,0.013048621207603786,3,6
2015,44109,Nantes,6,3187.93839366062,0.47633179888289,151.25,0.104481478283395,482175.682041168,0.0497678505006733,0.027063454429829412,3,6
2015,51454,Reims,13,3589.29586648074,0.536301379036531,55.0,0.0379932648303255,197411.272656441,0.0203758403226037,0.0110802580479703,4,5
2015,54395,Nancy,16,3555.18905345634,0.531205245549642,70.0625,0.0483982384940851,249085.433057785,0.0257093981634206,0.013980614364782783,5,6
2015,59350,Lille,5,4259.66700086277,0.636466140373933,216.5625,0.149598480269407,922484.134874344,0.0952143673428753,0.05177699389717639,3,6
2015,67482,Strasbourg,11,3435.61998326054,0.513339608493926,121.9375,0.0842327950954149,418930.911708832,0.0432400300566294,0.0235136653725122,4,5
2015,68224,Mulhouse,17,2623.76415564424,0.392034646148661,81.375,0.0562127622830498,213508.80816555,0.0220373503706742,0.011983777107328702,5,6
2015,69123,Lyon,2,3951.99750346272,0.590495124921003,319.5,0.220706329332527,1.26266320235634e6,0.130326011510067,0.0708704924573025,2,2
2015,75060,Paris,1,6692.68438751534,1.0,1447.625,1.0,9.6884972364769e6,1.0,0.5437939183140594,1,1
2015,76351,Le Havre,10,2218.02731670198,0.331410714785764,91.875,0.0634660219324756,203781.259721994,0.0210333196932507,0.011437791331145036,4,5
2015,76540,Rouen,9,3110.52037012497,0.464764239581862,111.75,0.0771954062688887,347600.651361465,0.035877664293773,0.0195100556462672,3,6
2015,80021,Amiens,15,3626.07231855913,0.541796401653613,34.375,0.0237457905189535,124646.23595047,0.0128653838575895,0.006996117498533021,5,6
2015,83137,Toulon,14,2128.66677307893,0.31805874142964,204.625,0.141352214834643,435578.438441277,0.0449583075485987,0.02444805422262104,4,5
2015,87085,Limoges,19,2973.37971926958,0.444273111819852,48.75,0.033675848372334,144952.261314392,0.0149612739495503,0.008135849783996025,5,6
